rbd,NOM_RBD,RURAL_RBD,cupos_totales,vacantes,ponderacion
13542,COLEGIO IRMA SALAS SILVA,0,500,39,0.1
648,COLEGIO SANTA MARTA,0,1107,91,0.1
769,COLEGIO SAN VIATOR,0,1230,103,0.1
11145,COLEGIO PARTICULAR CALASANZ,0,620,52,0.1
11130,COLEGIO SAN IGNACIO DE LOYOLA,0,563,48,0.1
987,COLEGIO SANTA TERESA,0,1176,101,0.1
763,COLEGIO SAN JUAN BAUTISTA,0,1230,107,0.1
13324,COLEGIO SANTA MARIA DE BELEN N_ 162,0,839,73,0.1
570,COLEGIO ELENA BETTINI,0,620,54,0.1
567,COLEGIO SAN FRANCISCO COLL,0,1235,110,0.1
766,COLEGIO SANTA MARIA EUFRASIA,0,1748,158,0.1
13361,KID´S WORLD SCHOOL,0,1063,100,0.1
13372,COLEGIO FRANCISCO PALAU,0,553,53,0.1
13356,COLEGIO ALBERT EINSTEIN,0,1028,99,0.1
13604,COLEGIO RAKIDUAM,0,616,60,0.1
583,COLEGIO SAGRADOS CORAZONES,0,1153,115,0.1
11105,COLEGIO PARTICULAR MIGUEL DE CERVANTES,0,1104,114,0.1
13384,SAINT JOHN´S SCHOOL,0,1123,117,0.1
13417,COLEGIO ELQUI,0,450,47,0.1
11106,COLEGIO PARTICULAR SANTA MARIA,0,1660,174,0.1
658,ESCUELA PATRICIO LYNCH,1,267,28,0.1
13373,COLEGIO PARTICULAR LEONARDO DA VINCI,0,912,97,0.1
13439,COLEGIO PUCARA,0,575,63,0.1
631,ESCUELA SAN RAFAEL,0,417,46,0.1
13489,COLEGIO MARIA EDUCA,0,1002,113,0.1
668,ESCUELA EDMUNDO VIDAL CARDENAS,0,461,52,0.1
13446,MARIA EDUCA,0,966,110,0.1
573,ESCUELA PARTICULAR TERESA VIDELA DE G,0,716,83,0.1
13313,COLEGIO FRANCIS SCHOOL,0,2061,239,0.1
526,COLEGIO JOSE MANUEL BALMACEDA,0,575,68,0.1
13442,COLEGIO SANTA FAMILIA,0,1259,149,0.1
650,ESCUELA PARTICULAR METODISTA,0,397,47,0.1
690,COLEGIO ANTONIO VARAS,0,996,118,0.1
632,ESCUELA BASICA MANUEL DE SALAS,0,410,49,0.1
13420,COLEGIO NUESTRA SENORA DE ANDACOLLO,0,1420,174,0.1
565,COLEGIO ADVENTISTA LA SERENA,0,935,120,0.1
13314,COLEGIO CRISTOBAL COLON,0,1024,133,0.1
767,COLEGIO PARTICULAR GABRIELA MISTRAL,0,477,62,0.1
13633,ESCUELA SAN MARINO COLLEGE,0,523,68,0.1
13305,COLEGIO TRINITY,0,331,44,0.1
13573,COLEGIO TAMELCURA,0,609,82,0.1
13627,COLEGIO SAN SEBASTIÁN,0,600,81,0.1
579,COLEGIO SEMINARIO CONCILIAR,0,1254,175,0.1
12779,COLEGIO ALTOS DEL CERRO GRANDE,0,390,55,0.1
11144,ESCUELA DIEGO DE ALMEYDA,0,1265,183,0.1
13535,COLEGIO CERRO GRANDE,0,690,100,0.1
649,COLEGIO PARTICULAR GABRIELA MISTRAL,0,1518,223,0.1
568,COLEGIO SAN ANTONIO,0,585,86,0.1
1066,ESCUELA PARTICULAR DIVINA PROVIDENCIA,0,842,124,0.1
13360,COLEGIO SAN NICOLAS,0,440,67,0.2
1108,ESCUELA BASICA MARTA BRUNETT,1,13,2,0.2
1049,COLEGIO DIEGO DE ALMAGRO,0,720,111,0.2
589,COLEGIO SANTO DOMINGO,0,336,53,0.2
13514,COLEGIO MARIA DE ANDACOLLO,0,427,69,0.2
1036,COLEGIO PARTICULAR SAN FRANCISCO DE ASIS,0,1243,207,0.2
558,COLEGIO PUNTA DE TEATINOS,1,18,3,0.2
40064,COLEGIO ALTA CORDILLERA,0,630,106,0.2
13610,COLEGIO INTERCULTURAL,1,312,54,0.2
13561,LIC.DE CIENC.Y HUM.SAN JOSEMARIA ESCRIVA,0,540,94,0.2
704,LICEO ALEJANDRO ALVAREZ JOFRE,0,974,172,0.2
13388,COLEGIO SANTO TOMAS LA SERENA,0,900,159,0.2
40231,COLEGIO CORDILLERA,0,503,90,0.2
13586,COLEGIO CHRIST SCHOOL,0,1710,308,0.2
13467,COLEGIO SANTA MARIA DEL REFUGIO,0,277,50,0.2
13475,COLEGIO SAN MARTIN DE PORRES,0,980,179,0.2
13513,COLEGIO DALMACIA,0,760,140,0.2
637,ESCUELA LUCILA GODOY ALCAYAGA,0,301,56,0.2
613,COLEGIO DE ARTES CLAUDIO ARRAU,0,883,170,0.2
13518,COLEGIO ARAUCO,0,296,57,0.2
11157,COLEGIO LIBERTADOR SIMON BOLIVAR,0,379,73,0.2
642,ESCUELA DE EL PENON,1,150,29,0.2
970,ESCUELA JUAN CARRASCO RISCO,0,288,56,0.2
11133,COLEGIO PARTICULAR SAN GABRIEL,0,328,64,0.2
40194,COLEGIO DOMINGO SANTA MARIA,0,1214,240,0.2
40033,COLEGIO DOMINGO FAUSTINO SARMIENTO,0,416,83,0.2
20390,COLEGIO CIELOS DEL VALLE,0,199,40,0.2
646,COLEGIO BERNARDO O´HIGGINS,0,1960,394,0.2
13491,COLEGIO ALTAZOR,0,977,200,0.2
13428,ESCUELA BASICA SAN ISIDRO DE CUZ CUZ,1,200,41,0.2
13383,COLEGIO CAMBRIDGE SCHOOL,0,576,120,0.2
13621,COLEGIO DISCOVERY,0,532,111,0.2
13344,COLEGIO AMERICANO,0,960,201,0.2
13396,CENTRO EST.Y DES.INTEGRAL DEL NINO,0,262,55,0.2
708,ESCUELA ANTONIO TIRADO LANAS,0,390,83,0.2
13376,COLEGIO SAN MANUEL,0,1091,233,0.2
40319,COLEGIO PART. SUB. CUMBRES DEL CHOAPA,0,1056,226,0.2
1015,ESCUELA BASICA DIAGUITAS DE CHALINGA,0,284,62,0.2
969,ESCUELA BASICA VALLE DEL CHOAPA,0,594,130,0.2
517,LICEO GREGORIO CORDOVEZ,0,1076,237,0.2
647,COLEGIO MANUEL MONTT,0,533,118,0.2
772,LICEO AGRICOLA DE OVALLE TADEO PERRY BARN,0,525,117,0.2
616,ESCUELA CARDENAL JOSE MARIA CARO,0,715,160,0.2
612,ESCUELA GUILLERMO CERECEDA,0,315,71,0.2
519,COLEGIO ARTURO PRAT CHACON,0,1046,236,0.2
13558,INSTITUTO DE ADM. Y COMERCIO ESTADO DE ISRAEL,0,640,146,0.2
548,ESCUELA DE COLONIA ALFALFARES,0,184,42,0.2
13474,COLEGIO LA MISION,0,354,81,0.2
13565,COLEGIO MANANTIALES DE ELQUI,0,749,172,0.2
528,ESCUELA GERMAN RIESCO,0,396,92,0.2
707,ESCUELA BASICA HELENE LANG,0,619,145,0.2
13608,COLEGIO GOLDEN HIND SCHOOL,0,461,108,0.2
11114,COLEGIO NUEVO MUNDO,0,238,56,0.2
566,COLEGIO ISABEL RIQUELME,0,395,95,0.2
629,COLEGIO PABLO NERUDA,1,776,190,0.2
13562,ESCUELA JUAN PABLO II,0,330,81,0.2
31203,COLEGIO DOMINGO SANTA MARIA,0,935,231,0.2
597,COLEGIO PEDRO PABLO MUÑOZ,0,438,109,0.2
692,ESCUELA JERONIMO GODOY VILLANUEVA,0,229,57,0.2
598,ESCUELA DE PUNTA DE CHOROS,1,40,10,0.2
1087,ESCUELA BASICA CANELA ALTA,0,336,84,0.2
40189,COLEGIO CABO ALTO,0,228,57,0.2
574,ESCUELA INDUSTRIAL SALESIANA SAN RAMON,0,1147,287,0.3
13504,COLEGIO SAN LORENZO,0,976,245,0.3
655,COLEGIO PARTICULAR SAN IGNACIO,0,457,116,0.3
13427,COLEGIO LOS CONQUISTADORES,1,1024,260,0.3
13593,COLEGIO EUSEBIO LILLO PUNTA MIRA,0,430,110,0.3
1050,ESCUELA BASICA ERCOLE BENCINI,0,276,71,0.3
13486,COLEGIO SAN FRANCISCO JAVIER,0,1424,367,0.3
575,COLEGIO PROVIDENCIA,0,886,229,0.3
531,COLEGIO PEDRO AGUIRRE CERDA,0,530,137,0.3
618,ESCUELA SANTO TOMAS DE AQUINO,0,660,174,0.3
13626,COLEGIO SAN LUIS,0,390,104,0.3
535,COLEGIO JOSE MIGUEL CARRERA,0,719,192,0.3
13580,COLEGIO PAULO FREIRE,1,123,33,0.3
13539,ESCUELA LATINOAMERICA EDUCA,0,605,163,0.3
712,ESCUELA BÁSICA ARTURO ALESSANDRI PALMA,0,682,185,0.3
606,ESCUELA BASICA SAN ANDRES,1,22,6,0.3
729,ESCUELA BASICA LOS OLIVOS,1,113,31,0.3
664,COLEGIO PARROQUIAL DE ANDACOLLO,0,1228,338,0.3
557,ESCUELA DE SATURNO,1,302,84,0.3
768,COLEGIO LA PROVIDENCIA,0,1050,293,0.3
982,ESCUELA BASICA VILLA LOS NARANJOS,0,574,162,0.3
13503,COLEGIO VALENTIN LETELIER,0,449,127,0.3
626,ESCUELA BASICA DAVID LEON TAPIA,0,860,245,0.3
706,COLEGIO FRAY JORGE,0,744,212,0.3
13559,ESCUELA REPUBLICA DE GRECIA,0,515,150,0.3
11147,COLEGIO MANANTIAL,0,346,101,0.3
713,ESCUELA ARTURO VILLALON SIEULANNE,0,396,116,0.3
609,INSTITUTO SUPERIOR DE COMERCIO DE COQUIMBO,0,788,231,0.3
847,ESCUELA BASICA AMERICA,0,912,268,0.3
13557,ESCUELA BASICA REPUBLICA DE ITALIA,0,330,97,0.3
812,ESCUELA SOL DE LAS PRADERAS,1,17,5,0.3
946,ESCUELA TERESITA DE LOS ANDES,1,250,74,0.3
821,ESCUELA DE FLOR DEL VALLE,1,248,74,0.3
705,LICEO POLITECNICO DE OVALLE,0,1151,344,0.3
13582,COLEGIO TECNICO PROFESIONAL FLORENCIA NIGHTIN,0,505,151,0.3
974,ESCUELA BASICA CAMILO HENRIQUEZ,1,117,35,0.3
40298,COLEGIO BERNARDO O´HIGGINS,0,1449,434,0.3
709,ESCUELA BASICA OSCAR ARAYA MOLINA,0,340,102,0.3
661,ESCUELA LUIS AMENABAR OSSA,1,30,9,0.3
630,COLEGIO LA HERRADURA,0,373,112,0.3
672,ESCUELA DE DIAGUITAS JUAN TORRES M.,0,208,63,0.3
521,COLEGIO VICTOR DOMINGO SILVA,0,534,162,0.3
714,ESCUELA BASICA VISTA HERMOSA,0,725,220,0.3
13612,COLEGIO JOSE MARTI PEREZ,0,411,125,0.3
959,COLEGIO PARTICULAR SALI HOCHSCHILD,0,580,178,0.3
13632,COLEGIO HORIZONTES,0,555,172,0.3
721,ESCUELA BASICA FLORENCIO ESPINOZA LOPEZ,0,676,210,0.3
1053,ESCUELA BASICA FORJADORES DE CHILE,1,45,14,0.3
615,ESCUELA COQUIMBO,0,348,109,0.3
539,COLEGIO DE ALGARROBITO,0,201,63,0.3
31194,COLEGIO MONTEVERDI,0,507,159,0.3
530,COLEGIO GABRIEL GONZALEZ VIDELA,0,1040,327,0.3
971,ESCUELA BASICA SAN RAFAEL DE ROZAS,0,517,165,0.3
31219,COLEGIO VERSALLES,0,819,262,0.3
753,ESC.BAS.JUAN PABLO ARTIGUES PENAFIEL,1,200,64,0.3
845,LICEO SAMUEL ROMAN ROJAS,0,528,169,0.3
13551,COLEGIO MANANTIAL,0,1155,373,0.3
534,COLEGIO VILLA SAN BARTOLOME,0,598,196,0.3
1077,ESCUELA BASICA HECTOR JORQUERA VALENCIA,0,472,155,0.3
40126,COLEGIO RAUL SILVA HENRIQUEZ,0,420,139,0.3
13342,COLEGIO PARTICULAR SAN FRANCISCO JAVIER,0,146,49,0.3
641,ESCUELA DE LAS CARDAS,1,65,22,0.3
740,ESCUELA PEDRO ENRIQUE ALFONSO BARRIOS,1,144,49,0.3
525,COLEGIO JAPON,0,648,224,0.3
628,ESCUELA DE PENUELAS,0,274,95,0.3
13552,COLEGIO CRISTIANO LA SERENA,0,244,85,0.3
798,ESCUELA EL PALQUI,0,1080,377,0.3
711,ESCUELA GUARDIAMARINA ERNESTO RIQUELME V,0,499,176,0.4
967,LICEO DOMINGO ORTIZ DE ROZAS,0,730,258,0.4
11111,LICEO ALBERTO GALLARDO LORCA,0,322,115,0.4
972,ESCUELA BASICA JORGE ARACENA RAMOS,0,330,118,0.4
686,ESCUELA BÁSICA MARIO AQUILES RODRIGUEZ,1,95,34,0.4
691,ESCUELA MUNICIPAL CIELO CLARO--PAIHUANO,0,195,70,0.4
13330,COLEGIO PARTICULAR PIERROT,0,281,101,0.4
13352,LICEO POLIV.PADRE JOSE HERDE P-LHER,0,455,164,0.4
527,COLEGIO HEROES DE LA CONCEPCION,0,682,246,0.4
682,ESCUELA DAGOBERTO CAMPOS NUNEZ,0,169,61,0.4
1048,LICEO NICOLAS FEDERICO LOHSE VARGAS,0,684,247,0.4
710,ESCUELA BASICA JOSE TOMAS OVALLE B.,0,336,122,0.4
620,ESCUELA JOSE ALFARO ALFARO,0,550,201,0.4
1078,ESCUELA BASICA JUAN ANTONIO RIOS,1,177,65,0.4
973,ESCUELA BASICA CLEMENCIA VILLARROEL,1,196,72,0.4
13553,COLEGIO SANTA HELENA COLLEGE,0,144,53,0.4
1013,LICEO DE SALAMANCA,0,490,181,0.4
562,COLEGIO CALETA SAN PEDRO,1,392,145,0.4
799,COLEGIO REPUBLICA DE CHILE,0,803,298,0.4
560,COLEGIO QUEBRADA DE TALCA,1,260,97,0.4
905,ESCUELA CHALINGA,1,115,43,0.4
13560,ESCUELA PADRE ALBERTO HURTADO CRUCHAGA,0,320,120,0.4
681,ESCUELA DE EL ARENAL,1,32,12,0.4
716,ESC.PADRE JOSEPH BENEDIKT STEGMEIER,0,545,207,0.4
13426,COLEGIO SAN LUCAS,0,255,97,0.4
13494,ESCUELA BASICA LA VILLA,0,430,164,0.4
688,ESCUELA DE CHAPILCA,1,34,13,0.4
947,ESCUELA AURORA DE CHILE,1,240,92,0.4
718,ESCUELA MARCOS MACUADA OGALDE,0,240,92,0.4
990,ESCUELA PARTICULAR LAS CANAS,1,305,117,0.4
737,ESCUELA BASICA VALENTIN LETELIER,1,230,89,0.4
561,COLEGIO EL ROMERAL,1,31,12,0.4
924,ESCUELA LOS ACACIOS,1,67,26,0.4
13637,COLEGIO HELLEN KELLER PEÑUELAS,0,324,127,0.4
625,ESCUELA TOMASA OLIVARES CAAMANO,0,260,102,0.4
634,ESCUELA DE HUACHALALUME,1,56,22,0.4
715,ESCUELA BASICA BERNARDO O¦HIGGINS RIQUELME,0,315,124,0.4
13394,CORAZON DE JESUS,0,420,166,0.4
522,COLEGIO JAVIERA CARRERA,0,654,259,0.4
774,COLEGIO PICHASCA,1,391,155,0.4
725,ESCUELA EL CRISOL,1,234,93,0.4
976,ESCUELA BASICA LAS PALMERAS DE LIMAHUIDA,1,180,72,0.4
678,ESCUELA AMELIA BARAHONA MUJICA,1,52,21,0.4
13341,COLEGIO PART. KOMVUX - COQUIMBO,0,356,144,0.4
614,ESCUELA PRESIDENTE ANIBAL PINTO,0,410,166,0.4
1051,ESCUELA BASICA TERESA CANNON DE B.,1,437,177,0.4
31221,COLEGIO RUKALAF,0,408,167,0.4
722,ESC. HEBERTO VELAZQUEZ VELAZQUEZ,0,344,141,0.4
932,ESCUELA UNION CAMPESINA,1,206,85,0.4
13606,COLEGIO LEONARDO DA VINCI - VICUÑA,0,1335,554,0.4
643,ESCUELA DE TAMBILLOS,1,200,83,0.4
635,ESCUELA DE TOTORALILLO,1,24,10,0.4
876,ESCUELA BASICA CLAUDIO MATTE,1,115,48,0.4
13358,ESCUELA JUAN RENDIC,1,275,115,0.4
523,ESCUELA ALONSO DE ERCILLA,0,330,139,0.4
639,ESCUELA DE LAS BARRANCAS,1,104,44,0.4
701,LICEO ESTELA AVILA DE PERRY,0,494,211,0.4
13576,LICEO TECNICO PROFESIONAL EDUCADOR JUAN BAUTISTA DE LA SALLE,0,470,202,0.4
747,ESCUELA CERRO TAMAYA,1,190,82,0.4
621,ESCUELA BASICA MARIO MUNOZ SILVA,0,298,129,0.4
780,ESCUELA BASICA TABAQUEROS,1,30,13,0.4
985,ESCUELA BASICA ASIENTO VIEJO,1,30,13,0.4
743,ESCUELA CARACHILLA,1,108,47,0.4
1059,ESCUELA CLARA VIAL ORREGO,1,225,98,0.4
935,ESCUELA SALALA,1,32,14,0.4
968,LICEO POLITECNICO PABLO RODRIGUEZ CAVIEDES,0,840,373,0.4
833,ESCUELA SANTA BERNARDITA,1,180,80,0.4
981,ESCUELA BASICA CHOAPA LINDO,1,18,8,0.4
1014,ESCUELA MATILDE SALAMANCA,0,535,238,0.4
13320,COLEGIO PARTICULAR TONGOY,0,105,47,0.4
837,ESCUELA ESPERANZA DE HUANA,1,125,56,0.4
693,ESCUELA BASICA HECTOR MANUEL HERNANDEZ,1,29,13,0.4
617,COLEGIO SANTA CECILIA,0,330,148,0.4
13512,COLEGIO JOAQUIN VICUÐA LARRAIN,0,430,195,0.5
730,ESCUELA BASICA LUCIA NUNEZ DE LA CUADRA,1,250,114,0.5
827,COLEGIO RIO GRANDE,0,364,166,0.5
556,ESCUELA DE ROMERO,1,285,130,0.5
518,LICEO TECNICO MARTA BRUNET,0,480,219,0.5
1019,ESCUELA BASICA CHILLEPIN,1,300,137,0.5
838,ESCUELA PROFESOR MANUEL ORTIZ QUINTANA,1,48,22,0.5
673,ESCUELA JOSE ABELARDO NUNEZ,0,270,124,0.5
669,ESCUELA NEFTALI REYES,0,269,124,0.5
543,COLEGIO ALTOVALSOL,1,288,133,0.5
656,LICEO PEDRO REGALADO S. VIDELA O.,0,372,173,0.5
868,ESCUELA AMERICA DE SUR,1,15,7,0.5
1020,ESCUELA BASICA GUISELA GAMBOA SALINAS,1,250,117,0.5
602,ESCUELA BASICA CARLOS CONDELL,1,248,117,0.5
516,LICEO GABRIELA MISTRAL DE LA SERENA,0,660,312,0.5
1100,ESC.BASICA CARLOS VIAL ESPANTOSO,1,150,71,0.5
896,ESCUELA PARTICULAR LA COLORADA,1,19,9,0.5
1052,ESCUELA BASICA PABLO BARRIOLHET,1,255,121,0.5
13463,COLEGIO CARLOS CONDELL DE LA HAZA,0,1020,484,0.5
608,ESCUELA DE LOS CHOROS,1,40,19,0.5
665,LICEO CARLOS ROBERTO MONDACA CORTES,0,652,311,0.5
817,ESCUELA NUEVA ESPERANZA DE PEJERREYES,1,23,11,0.5
937,ESCUELA ALCONES BAJOS,1,140,67,0.5
757,ESCUELA BASICA EL GUINDO,1,166,80,0.5
1055,ESCUELA LOS MAQUIS,1,29,14,0.5
11139,LICEO FERNANDO BINVIGNAT MARIN,0,720,349,0.5
657,ESCUELA LUIS CRUZ MARTINEZ,0,350,170,0.5
804,ESCUELA BASICA WENCESLAO VARGAS,1,336,165,0.5
13545,ESCUELA BASICA SAN FRANCISCO DE BORJA,0,480,238,0.5
733,ESCUELA PADRE DAMIAN HEREDIA,1,121,60,0.5
1063,ESCUELA,1,14,7,0.5
978,ESCUELA BASICA MATANCILLA,1,14,7,0.5
662,ESCUELA DE MAITENCILLO,1,20,10,0.5
13590,COLEGIO DE ADMINISTRACION Y COMERCIO EL INGENIO,0,620,314,0.5
1033,ESCUELA BASICA PANGUESILLO,1,150,76,0.5
542,ESCUELA DE LAMBERT,0,300,152,0.5
536,COLEGIO BERNARDA MORIN,0,293,150,0.5
848,ESCUELA ALEJANDRO CHELEN ROJAS,0,647,332,0.5
1072,ESCUELA PARTICULAR INFIERNILLO,1,60,31,0.5
13563,COLEGIO NUESTRA SEÑORA DEL ROSARIO,0,340,176,0.5
775,ESCUELA BASICA DE FUNDINA,1,27,14,0.5
790,ESCUELA BASICA EL ROMERAL,1,25,13,0.5
802,LICEO PRESIDENTE EDUARDO FREI MONTALVA,0,720,375,0.5
696,ESCUELA MUNICIPAL LA ORTIGA,1,23,12,0.5
892,ESCUELA PARTICULAR EL DURAZNO,1,59,31,0.5
11155,LICEO JORGE ALESSANDRI RODRIGUEZ,0,824,435,0.5
666,ESCUELA BASICA LUCILA GODOY ALCAYAGA,0,475,252,0.5
897,ESCUELA BELGICA,0,660,351,0.5
1016,ESCUELA TRANQUILLA,1,195,104,0.5
1096,ESCUELA BASICA LOS POZOS,1,15,8,0.5
814,ESCUELA BASICA EL TAYAN,1,30,16,0.5
551,ESCUELA DE LAS ROJAS,1,232,124,0.5
850,ESCUELA JUAN LUIS SAN FUENTES,1,74,40,0.5
13566,ESCUELA SAN LORENZO,0,255,138,0.5
604,ESCUELA DE PUNTA COLORADA,1,48,26,0.5
754,ESCUELA LA ARAUCANA,1,35,19,0.5
857,ESCUELA LOS MORALES,1,90,49,0.5
800,ESCUELA HUATULAME,0,308,168,0.5
871,ESCUELA BASICA LUIS ENRIQUE BOU PEREZ,1,55,30,0.5
1018,ESCUELA EL TAMBO,1,135,74,0.5
694,ESCUELA GABRIELA MISTRAL,1,204,112,0.5
793,ESCUELA BASICA DE SERON,1,100,55,0.6
13375,ESCUELA BASICA EL MEMBRILLO,1,20,11,0.6
803,ESC.CONCENTRACION FRONTERIZA DE TULAHUEN,0,370,204,0.6
599,ESCUELA JOSE SANTOS OSSA,1,192,106,0.6
13461,LICEO CARMEN AURORA RODRIGUEZ HENRIQUEZ,0,280,155,0.6
644,ESCUELA DE PUERTO ALDEA,1,57,32,0.6
540,ESCUELA DE ISLON,0,201,113,0.6
1065,ESCUELA BASICA EL MANZANO,1,16,9,0.6
929,ESCUELA LOS NOGALES,1,254,143,0.6
13333,ESC. FAMILIAR AGRICOLA VALLE DEL ELQUI,1,220,124,0.6
697,ESCUELA MUNICIPAL ALCOHUAZ,1,30,17,0.6
1104,ESCUELA LA CORTADERA,1,37,21,0.6
851,ESCUELA BASICA ARTURO PEREZ CANTO,1,195,111,0.6
1041,ESCUELA PARTICULAR CAJON DE QUELEN,1,52,30,0.6
1031,ESCUELA BASICA JULIO ECHAVARRIA,1,140,81,0.6
887,ESCUELA BASICA CAUPOLICAN,1,19,11,0.6
915,ESCUELA MARCOS RIGOBERTO PIZARRO ARAYA,1,150,87,0.6
839,ESCUELA CHILECITO,1,86,50,0.6
610,LICEO INDUSTRIAL JOSE TOMAS DE URMENETA,0,765,447,0.6
546,COLEGIO COQUIMBITO,0,300,176,0.6
13412,COLEGIO BASICO RENACER DE CERRILLOS,1,126,74,0.6
699,ESCUELA MARIA ISABEL PERALTA P.,1,22,13,0.6
676,ESCUELA DE SAN CARLOS,1,27,16,0.6
852,ESCUELA BASICA PEDRO DE VALDIVIA,1,170,102,0.6
805,ESCUELA EL MAQUI,1,30,18,0.6
825,ESCUELA BASICA PABLO NERUDA,1,18,11,0.6
819,ESCUELA BUENAVENTURA,1,18,11,0.6
756,ESCUELA SANTA CATALINA,1,36,22,0.6
940,ESCUELA SAN PEDRO,1,18,11,0.6
611,LICEO DIEGO PORTALES,0,430,263,0.6
40208,COLEGIO TECNICO PROFESIONAL ALTUE,0,436,267,0.6
849,ESCUELA BASICA JUANITA FERNANDEZ SOLAR,1,306,188,0.6
870,ESCUELA BASICA CAMILO HENRIQUEZ GONZALEZ,1,60,37,0.6
40029,LICEO MISTRALIANO,0,240,149,0.6
872,ESCUELA BASICA ROSITA OHIGGINS,1,24,15,0.6
683,ESCUELA DE LA CALERA,1,27,17,0.6
13379,ESCUELA BASICA CUMBRE DE LOS ANDES,1,30,19,0.6
830,ESCUELA MARCELA PAZ,1,30,19,0.6
723,ESCUELA VILLORRIO EL TALHUEN,1,30,19,0.6
910,ESC.BASICA SAN ANTONIO DE LA VILLA,1,96,61,0.6
680,ESCUELA FEDERICO BARNES PAYNE,0,190,121,0.6
11110,LICEO JORGE IRIBARREN CHARLIN DE HURTADO,1,105,67,0.6
977,ESCUELA BASICA GRACIELA DIAZ ALLENDE,1,170,109,0.6
822,ESCUELA JUNTAS,1,333,215,0.6
671,ESCUELA RIOS DE ELQUI,0,322,208,0.6
578,LICEO IGNACIO CARRERA PINTO,0,481,311,0.6
750,ESCUELA ELVIRA DEL CARMEN OCHOA AVILES,0,225,146,0.6
533,COLEGIO DARIO SALAS,0,80,52,0.6
813,ESCUELA BASICA LA UNION,1,20,13,0.6
773,ESCUELA SAMO ALTO,1,170,111,0.7
1004,ESCUELA PARTICULAR LA CAPILLA,1,26,17,0.7
784,ESCUELA BASICA HUAMPULLA,1,18,12,0.7
806,ESCUELA FRONTERA LAS RAMADAS,1,36,24,0.7
809,ESCUELA DE HUANILLA,1,24,16,0.7
943,ESCUELA PADRE PABLO DIEHL HARTMAN,1,21,14,0.7
638,ESCUELA DE CAMARONES,1,12,8,0.7
13365,ESCUELA BASICA MINILLAS,1,12,8,0.7
1017,ESCUELA BASICA BERTA HIDALGO BARAHONA,1,250,167,0.7
13423,ESCUELA BASICA AMANECER,1,140,96,0.7
1069,ESCUELA PARTICULAR MINA LAS VACAS,1,16,11,0.7
807,ESCUELA EL MAITEN,1,13,9,0.7
762,ESCUELA CALETA EL TORO,1,36,25,0.7
13579,COLEGIO SAN ISIDRO,1,23,16,0.7
835,ESCUELA CARMELA PRAT,1,30,21,0.7
695,ESCUELA BASICA SANTIAGO BUERAS A.,1,30,21,0.7
1034,ESCUELA LOS CORRALES,1,120,84,0.7
909,ESCUELA LOS AZAHARES DE CERRO BLANCO,1,30,21,0.7
11153,ESCUELA LA PARRITA,1,30,21,0.7
993,ESCUELA PARTICULAR CANELILLO ALTO,1,30,21,0.7
984,ESCUELA BASICA TUNGA SUR,1,17,12,0.7
988,LICEO PARTICULAR LUIS ALBERTO VERA,0,480,339,0.7
820,ESCUELA SOL DEL CUYANO,1,24,17,0.7
900,ESCUELA BASICA LA HIGUERA DE QUILE,1,24,17,0.7
554,ESCUELA DE PELICANA,1,24,17,0.7
1114,ESCUELA PARTICULAR EL CHILCAL,1,14,10,0.7
1046,ESCUELA PARTICULAR PLANTA PELADEROS,1,42,30,0.7
864,ESCUELA BASICA VIOLETA PARRA SANDOVAL,1,14,10,0.7
888,ESCUELA BASICA BOSQUE DE QUILLAY,1,25,18,0.7
810,ESCUELA CENTRAL HIDROELECTRICA LOS MOLLE,1,18,13,0.7
689,ESCUELA DE VARILLAR,1,36,26,0.7
1092,ESCUELA BASICA MINCHA NORTE,1,80,58,0.7
1022,ESCUELA COIRON,1,200,145,0.7
908,ESCUELA TABALI,1,284,206,0.7
564,COLEGIO LA ESTRELLA,1,26,19,0.7
795,ESC.BASICA DOMINGO SANTA MARIA GONZALEZ,1,15,11,0.7
736,ESCUELA BASICA LOS SOSSAS,1,30,22,0.7
960,ESCUELA PARTICULAR EL LLANITO,1,15,11,0.7
953,ESCUELA PATRICIO ZEBALLOS,1,150,110,0.7
659,ESCUELA PADRE BLAS HERNANDEZ SANCHEZ,1,30,22,0.7
844,ESCUELA PARTICULAR CERRILLOS DE RAPEL,1,27,20,0.7
823,ESCUELA BASICA COLLIGUAY,1,31,23,0.7
1006,ESCUELA MANUEL JOSE IRARRAZAVAL,1,160,119,0.7
1002,ESCUELA PARTICULAR EL SOCAVON,1,20,15,0.8
859,ESCUELA REBECA MATTE DE INIGUEZ,1,24,18,0.8
934,ESCUELA BEATRIZ VEGA VEGA,1,24,18,0.8
760,ESCUELA LAS LOMAS DE PUNILLA,1,29,22,0.8
13570,ESCUELA MUNICIPAL VILLA SANTA ROSA,0,200,153,0.8
1109,ESCUELA BASICA GABRIELA MISTRAL,1,30,23,0.8
1027,ESCUELA BASICA QUELEN BAJO,1,60,46,0.8
789,ESCUELA EL ESPINAL DE RIO HURTADO,1,30,23,0.8
1094,ESCUELA BASICA POZA HONDA,1,30,23,0.8
13380,ESCUELA BASICA MUNICIPAL LOS PERALES,1,30,23,0.8
777,ESC.BASICA HIJOS DE EL CHANAR,1,35,27,0.8
1047,ESCUELA PARTICULAR VALLE CAMISAS,1,35,27,0.8
998,ESCUELA PARTICULAR ILTA,1,22,17,0.8
902,ESCUELA BASICA ELENA CAFFARENA,1,22,17,0.8
869,ESCUELA BASICA REBECA PONCE DE LEON V.,1,27,21,0.8
1038,ESCUELA PARTICULAR EL PALQUIAL,1,18,14,0.8
879,ESCUELA BASICA BENJAMIN VICUNA MACKENNA,1,32,25,0.8
931,ESCUELA SAN ANTONIO DE PADUA,1,23,18,0.8
731,ESCUELA EL TRAPICHE,1,181,142,0.8
786,ESCUELA BASICA LA HUERTA,1,14,11,0.8
945,ESCUELA SOL NACIENTE,1,94,74,0.8
1032,ESCUELA BASICA SAN AGUSTIN,1,104,82,0.8
746,ESCUELA EL SAUCE,1,24,19,0.8
1113,ESCUELA BASICA SALVADOR REYES,1,15,12,0.8
645,ESCUELA DE EL TANGUE,1,30,24,0.8
928,ESCUELA BASICA GRANEROS,1,20,16,0.8
758,ESCUELA CORDILLERA,1,30,24,0.8
1101,ESCUELA BASICA JOSE MIGUEL CARRERA,1,30,24,0.8
1045,ESCUELA PARTICULAR PUNTA NUEVA,1,30,24,0.8
13302,ESCUELA PARTICULAR CERRO BLANCO,1,30,24,0.8
787,ESCUELA BASICA MORRILLOS,1,20,16,0.8
752,ESCUELA VALLE HERMOSO,1,36,29,0.8
13445,COLEGIO ESPANOL,0,222,179,0.8
727,ESCUELA LA PALOMA,1,21,17,0.8
826,ESCUELA BASICA HACIENDA VALDIVIA,1,17,14,0.8
865,ESCUELA BASICA DANIEL BARROS GREZ,1,23,19,0.8
759,ESCUELA BASICA GASPAR CABRALES,1,75,62,0.8
1037,ESCUELA PARTICULAR HUANQUE,1,36,30,0.8
1068,ESCUELA PARTICULAR CULIMO,1,30,25,0.8
1083,ESCUELA BASICA CARQUINDANO,1,30,25,0.8
891,ESCUELA PARTICULAR RINCON DE LAS CHILCAS,1,18,15,0.8
783,ESCUELA DOCTOR JOSE LUIS ARRANO,1,30,25,0.8
936,ESCUELA EL ESPINAL,1,36,30,0.8
1040,ESCUELA PARTICULAR LAS JARILLAS,1,30,25,0.8
724,ESCUELA BASICA CALETA EL MAITEN,1,30,25,0.8
986,ESCUELA BASICA LAS CHINCHILLAS DE COCOU,1,24,20,0.8
843,ESCUELA LOS PERALES DE CAMPANARIO,1,12,10,0.8
13336,ESCUELA BASICA JOSE IGNACIO ZENTENO,1,18,15,0.8
797,ESCUELA LOS MAITENES DE SERON,1,30,25,0.8
13309,ESC. BASICA LA HIGUERA DE PUNITAQUI,1,30,25,0.8
824,ESCUELA HEROES DE CHILE,1,30,25,0.8
906,ESCUELA LOS CANELOS,1,30,25,0.8
818,ESCUELA LOS CLONQUIS,1,24,20,0.8
13363,ESCUELA BASICA MUNICIPAL LA GRANJITA,1,26,22,0.8
1099,ESCUELA VIOLETA PARRA,1,200,170,0.8
744,ESCUELA ORURO,1,34,29,0.9
862,ESCUELA ESTRELLA DE BELEN,1,14,12,0.9
1011,ESCUELA PARTICULAR MACUCO,1,14,12,0.9
778,ESCUELA BASICA LAS BREAS,1,36,31,0.9
32059,ESCUELA ECOLOGICA PEJERREYES,1,51,44,0.9
792,ESCUELA BASICA ESTANCIA EL SAUCE,1,22,19,0.9
1093,ESCUELA BASICA ATELCURA ALTA,1,30,26,0.9
999,ESCUELA PARTICULAR 18 DE SEPTIEMBRE,1,30,26,0.9
914,ESCUELA PENA BLANCA,1,30,26,0.9
1095,ESCUELA BASICA SARGENTO ALDEA,1,30,26,0.9
13362,ESCUELA BASICA LOS ANGELES DE RAPEL,1,30,26,0.9
933,ESCUELA LAS CRUCES,1,30,26,0.9
950,ESCUELA LA CEBADAS,1,30,26,0.9
11113,BASICA COMUN DELIA ANDRADE DE TELLO,1,30,26,0.9
1082,ESC.BASICA MERCEDES MARIN DEL SOLAR,1,30,26,0.9
899,ESCUELA LUZ DE LUNA,1,31,27,0.9
955,ESCUELA VILLA LOS CORRALES,1,31,27,0.9
956,ESCUELA PORTEZUELOS BLANCOS,1,31,27,0.9
995,ESCUELA PARTICULAR CAREN,1,190,166,0.9
890,ESCUELA PARTICULAR LOS SAPOS,1,24,21,0.9
728,ESCUELA EL ALGARROBO,1,24,21,0.9
816,ESCUELA GUSTAVO CONTRERAS CASTRO,1,24,21,0.9
1030,ESC.BASICA GUILLERMO BARRIOS VARGAS,1,120,105,0.9
994,ESCUELA PARTICULAR RINCON DEL ROMERO,1,24,21,0.9
776,ES.BAS.SAN PEDRO DE RIO HURTADO,1,26,23,0.9
836,ESCUELA INES DE SUAREZ,1,18,16,0.9
1076,ESCUELA PARTICULAR MAIMALICAN,1,18,16,0.9
925,ESCUELA BASICA VILLA LOS QUILES,1,27,24,0.9
886,ESCUELA LA VARIOLA,1,30,27,0.9
1061,ESCUELA TILAMA,1,30,27,0.9
923,ESCUELA EL MAQUI DE QUILE,1,30,27,0.9
726,ESCUELA QUEBRADA SECA DE SOTAQUI,1,30,27,0.9
957,ESCUELA EL CIENAGO,1,30,27,0.9
951,ESCUELA LA CALERA DE SAN JULIAN,1,30,27,0.9
904,ESCUELA CAMPO LINDO,1,30,27,0.9
1102,ESCUELA BASICA BALDOMERO LILLO FIGUEROA,1,30,27,0.9
1042,ESCUELA MUNICIPAL COLLIGUAY,1,90,82,0.9
13465,ESCUELA BASICA JESUS NAZARENO,1,80,73,0.9
13312,ESCUELA PARTICULAR CHEPICA,1,12,11,0.9
735,ESCUELA LA QUIROGA,1,24,22,0.9
1064,ESCUELA BASICA EL QUELON,1,12,11,0.9
1062,ESC.PDTE.FEDERICO ERRAZURIZ ECHAURREN,1,24,22,0.9
948,ESCUELA BASICA LAS AGUILAS,1,25,23,0.9
949,ESCUELA EL DURAZNO DE QUILE,1,27,25,0.9
939,ESCUELA ALMENDRO DE QUILE,1,28,26,0.9
1117,ESCUELA PARTICULAR LOS TOMES,1,28,26,0.9
907,ESCUELA HIJOS DEL PERAL,1,58,54,0.9
1010,ESCUELA PARTICULAR CUYUNTAGUA,1,15,14,0.9
1116,ESCUELA PARTICULAR CANELILLA,1,30,28,0.9
996,ESCUELA PARTICULAR EL LANCO,1,15,14,0.9
1008,ESCUELA PARTICULAR QUILLAICILLO,1,30,28,0.9
1084,ESCUELA BASICA JABONERIA,1,30,28,0.9
963,ESCUELA PARTICULAR EL TENIENTE,1,15,14,0.9
1044,ESCUELA PARTICULAR MANQUEHUA,1,15,14,0.9
788,ESCUELA BASICA VADO DE MORRILLOS,1,31,29,0.9
674,ESCUELA DE VINITA ALTA,1,17,16,0.9
875,ESCUELA BASICA PEDRO LIRA RENCORET,1,17,16,0.9
687,ESCUELA DE HUANTA,1,18,17,0.9
991,ESCUELA PARTICULAR QUEBRADA EL PERAL,1,18,17,0.9
911,ESCUELA LOS TRIGOS,1,20,19,1.0
1021,ESCUELA ZAPALLAR,1,23,22,1.0
917,ESCUELA RINCON DE LA CALERA,1,24,23,1.0
745,ESCUELA LA HIGUERA DE PALOMA,1,24,23,1.0
552,ESCUELA DE CHACAY ALTO,1,24,23,1.0
749,ESCUELA TRANQUE RECOLETA,1,25,24,1.0
13498,ESCUELA BASICA ALTOS DE PECHEN,1,28,27,1.0
1001,ESCUELA PARTICULAR HERMINIA RAMOS,1,29,28,1.0
785,ESCUELA BASICA LOS MAITENES DE SAMO ALTO,1,30,29,1.0
771,ESCUELA PARTICULAR EL ARRAYAN,1,30,29,1.0
1071,ESCUELA PARTICULAR EL ROMERO,1,30,29,1.0
952,ESCUELA BASICA LOS CIENAGOS,1,30,29,1.0
755,ESCUELA CANELILLA,1,34,33,1.0
550,ESCUELA DE ALMIRANTE LATORRE,1,17,17,1.0
1005,ESCUELA PARTICULAR RINCON DE TUNGA,1,15,15,1.0
954,ESCUELA EL AJIAL DE QUILE,1,30,30,1.0
563,COLEGIO LA LAJA,1,24,24,1.0
